TAireMax;TAireMin;TempeAire;Humedad;MinHumed;MaxHumed;Rasolwm;Precipita;VelViMax;VelViento;Severidadhoja2;Severidadhoja3;Severidadhoja4;EstadoEvolucion
31.4;21.8;26.61;80.64;59;95;480;2.6;8;1.95;680;1620;2140;4483.65
32.7;20.7;25.69;84.36;58;95;302;13.2;14.5;1.66;840;1780;2280;4764.2
32.8;20.8;25.75;84.28;58;95;324;11;8;1.25;800;1700;2350;4500.41
33.4;21.2;26.19;83.44;56;94;323;10.6;11.3;1.6;720;1400;2220;4403.66
32.3;21.4;26.12;83.42;55;95;327;7.6;8;1.47;800;1560;2260;4296.6
32.3;21.5;25.5;85.56;60;94;282;108.4;9.7;1.57;940;1640;2380;4297.57
31.4;22.6;25.38;85.9;60;94;225;77;8;2.21;960;1420;2080;4173.97
32.4;21.3;26.16;82.23;52;94;373;0;8;1.59;820;1520;1820;4019.8
32.1;20.8;25.76;82.65;55;94;318;2.6;6.4;1.46;1020;1940;1960;4574.64
30.5;21.7;24.87;87.05;65;95;253;48.4;8;1.83;840;1900;2200;4403.77
31.7;20.4;24.74;86.15;64;95;217;66.4;8;1.75;940;1860;2320;4393.37
31.6;20.8;25.41;84.21;57;94;257;49.4;8;1.61;1000;1860;2380;4270.4
31.2;20.3;23.88;86.71;57;94;204;70.6;6.4;1.85;1040;1600;2160;4000.5
31.2;20.8;23.86;88.31;63;95;168;340;8;2.14;1080;1920;2200;3547.29
30.8;20.7;24.01;88.03;60;95;181;181.4;8;1.99;960;1560;2240;3843.07
31.5;19.7;23.92;87.61;60;94;209;153.8;4.8;1.56;920;1560;2220;3662.75
30.3;19.7;23.87;86.19;61;94;225;88;11.3;1.64;1040;1900;2280;4492.08
30.4;21.1;23.95;85.99;58;94;235;67.6;11.3;1.63;1180;1880;2220;4261.23
30.7;19.4;23.63;84.83;51;94;245;11.6;9.7;1.79;1180;2000;2240;4318.15
31.1;18.7;23.9;83.04;48;94;310;16.8;9.7;1.96;1180;2000;2240;4925.38
31;17.9;24.19;81.13;52;94;355;1.4;9.7;1.83;1000;1660;2160;4119.78
31.2;18.4;24.42;80.98;49;94;323;13.8;9.7;2.05;900;1580;2020;3974.4
30.7;17.9;23.95;84.61;49;94;260;42.6;11.3;1.52;840;1200;2080;3687.67
30.6;18.9;24.25;82.83;55;94;328;49.4;9.7;2.11;840;1380;1980;3454.5
32;19.8;24.37;83.33;53;94;297;66;12.9;1.95;800;1220;1760;3103.62
30.7;21;24.16;86.32;55;94;220;63.8;12.9;2.08;860;1340;1400;3047.91
29.8;19.4;23.69;86.57;61;94;204;200;11.3;1.59;840;1640;1860;3495.2
30.3;19.6;24.65;84.91;58;94;265;62.6;12.9;1.88;900;1600;2240;3937.5
31.5;19.1;24.89;78.76;48;94;410;2.8;9.7;2.43;1120;1880;2220;4891.41
30.4;19.9;25.04;81.09;55;94;308;13.4;9.7;2.19;1160;2180;2300;4634.19
32.1;20.8;26.27;82.07;57;94;335;6.2;12.9;2.69;900;2260;2400;4732.15
32.2;20.6;24.93;82.7;54;94;288;29.4;9.7;2.63;800;1440;2380;4562.9
31.8;20.1;24.9;84.17;57;94;307;97;9.7;1.71;960;1420;2300;4248.6
31.7;20.9;25.71;84.27;58;94;333;52.6;12.9;1.83;800;1240;1840;3268.72
29.8;22.4;24.49;89.6;60;94;158;263;8;1.19;760;1160;1520;3199.82
31.4;22.3;24.95;89.95;63;94;179;338.8;9.7;1.41;960;1680;1720;4584.36
30.2;22.1;25.04;86.96;67;94;240;98.4;9.7;1.39;1260;1880;2140;5669.07
31.6;20.9;25.23;86.6;63;94;267;67.8;8;1.17;1360;2060;2280;5665.92
31.4;21.8;25.2;86.5;62;95;244;58.4;8;1.35;1180;2100;2280;5230.24
32.1;20.9;25.85;84.48;62;94;339;16.6;9.7;1.36;1020;1540;2340;4601.87
32.6;21.1;25.47;85.46;59;94;287;58;11.3;1.69;880;1480;2120;4270.28
31.9;20.7;25.33;86.88;58;100;227;61.8;14.5;0.8;1000;1420;1840;4342.59
31.9;21.6;25.18;86.44;55;94;248;99.8;8;1.41;1240;1500;1940;4275.12
30.9;20.6;25.15;85.49;60;94;255;61.4;12.9;1.45;1140;1780;2160;5104.25
31.7;21.6;24.69;86.63;61;94;250;107.6;6.4;1.68;1340;2040;2120;4576
31.9;21.4;25.73;84.27;62;94;325;42.6;8;1.51;1320;2000;2320;5243.31
32.2;21;25.86;83.06;59;95;309;1.4;11.3;1.5;1120;2200;2300;5305.87
32.2;22.2;25.5;86.69;56;95;224;48.4;8;1.22;;;;
32.3;21.4;26.02;84.68;60;95;331;34.4;16.1;1.72;1320;1960;2300;5314.32
32.4;19.8;25.35;86.25;58;95;279;65;11.3;1.33;1060;1800;2340;5559.65
32.2;20.7;25.15;86.33;55;96;292;36.6;8;1.17;1140;2020;2240;5611.68
31.8;20.3;25.48;84.07;60;96;339;43.2;12.9;1.5;1340;2280;2300;4740
33.4;21.4;25.48;84.62;56;96;335;51.4;9.7;1.37;1200;2040;2340;4934.88
33.2;20.8;25.92;82.65;57;96;383;10;11.3;1.58;1140;1900;2300;5312.91
32.6;21;26.08;82.15;55;96;378;0.4;9.7;1.67;1240;1860;2340;5010.32
32.2;21.2;25.46;85.93;58;96;298;29.6;8;1.3;980;1860;2360;4738.56
32.3;21.5;25.94;84.92;58;96;330;13.2;4.8;1.23;880;2000;2280;4956.66
32.8;21.4;26.42;84.57;59;97;327;2.6;9.7;1.64;960;1740;2280;4884
32.7;20.8;25.54;85.82;55;97;321;43.6;9.7;1.25;960;1740;2280;4740.12
32.4;20.6;25.33;85.25;55;97;297;40.4;6.4;1.05;960;1900;2260;4783.45
31.8;22.1;25.28;88.81;64;97;240;82.4;6.4;1.3;1100;1660;2340;5005.56
31.4;18;23.72;87.89;53;97;216;186;9.7;2.55;1040;1720;2240;4628.14
30.3;20.6;23.88;88.96;59;97;199;66;9.7;1.59;1100;2080;2200;4934.4
31.3;20.5;24.89;91.26;65;98;203;94.4;6.4;0.9;1380;2180;2300;4336.8
31.4;17.1;24.13;86.03;54;99;295;8.8;9.7;1.51;1360;2120;2380;4700.2
30.8;18.2;24.07;90.99;57;99;199;90;8;1.21;1820;2340;2400;4281.8
30.9;18.9;23.6;91.26;56;99;218;157.6;6.4;1.35;1820;2380;2400;4874.58
30.6;17.7;23.57;92;61;99;221;288.8;9.7;1.65;1440;2400;2400;4369.68
29.7;19.4;23.68;92.32;63;99;198;246.8;2.22;0.46;1560;2220;2400;5468.48
31.3;20.1;23.92;94.71;65;100;187;323.2;2.22;0.37;1440;2280;2380;4756.32
27.6;19.8;21.38;95.86;73;100;104;223.6;2.22;0.76;1600;2160;2260;4609.18
29.7;18;23.12;90.68;60;100;238;71.8;1.78;0.42;1800;2280;2380;4108.44
30.3;17.8;23.11;88.91;53;100;265;26.8;3.14;0.45;1480;2120;2340;3320.46
28.9;16.3;22.89;90.84;56;100;230;93.2;2.69;0.39;1640;2180;2360;4351.05
29;18.6;23.58;92.23;66;100;199;125;2.69;0.4;1400;2060;2360;3841.92
30.6;18.6;24.22;88.26;59;100;300;16.6;3.14;0.57;1280;2240;2300;4113.72
30.9;19.6;25.65;87.86;63;100;347;3.6;2.69;0.55;1040;1440;2280;3824.91
31.9;19.4;25.76;84.73;52;100;363;21.8;2.69;0.62;960;1320;1840;3708.8
31.6;20;26.01;85.25;56;100;384;0.4;2.69;0.67;1000;1520;1920;3601.8
31.6;21.6;25.98;88.43;62;100;293;16.2;2.69;0.58;;;;
31;19.8;25.41;88.19;57;100;329;10.2;3.14;0.59;1080;1500;2100;4850.7
32.5;20.8;25.99;87.9;55;100;273;43.32;3.14;0.29;1080;1440;1940;4513.41
32.8;21.7;26.12;90.42;59;100;296;141.7;2.22;0.46;1100;1660;2000;4643.24
31.9;20.9;24.96;91.73;62;100;263;278.63;2.22;0.47;1260;2260;2320;4802.48
32.8;21.1;26.27;86.34;47;100;396;2.78;2.69;0.54;1260;2060;2340;4807.32
32.3;20.4;25.73;88.21;60;100;335;31.23;2.69;0.43;1260;2160;2280;4944.06
31.8;22.7;26.15;91.57;67;100;264;39.31;2.22;0.41;1220;2320;2380;4694.41
32.5;22.1;26.11;91.39;63;100;304;115.16;2.69;0.46;880;1820;2300;4475.52
32.9;21.7;27.02;87.66;59;100;379;10;3.58;0.55;880;1300;2080;4088.16
32.8;22.6;26.28;90.89;60;100;325;37.6;2.69;0.35;800;1540;2020;4391.12
32.3;22.4;26.43;90.82;64;100;298;98.03;2.69;0.44;920;1920;2300;5682.95
33.8;23.1;27.43;87.88;60;100;381;6.34;2.22;0.42;880;1900;2300;5009.68
33;22.4;26.67;88.37;61;100;335;1.41;2.69;0.41;980;2300;2360;5759.28
32.5;21.7;25.59;91.65;63;100;239;92.4;2.22;0.38;1040;2300;2400;6118.75
33.2;20.6;27.06;86.11;60;100;424;1.8;2.22;0.52;840;1940;2380;4569.15
33.4;21.8;25.71;90.42;59;100;279;37.4;1.78;0.32;880;2100;2400;4708.44
32.1;21.4;25.73;90.67;63;100;274;49.2;2.22;0.33;720;1580;2240;4353.7
32.8;22.9;25.9;93.86;64;100;250;99.2;3.1;0.43;1040;1900;2280;5202.9
31.6;22.1;24.98;95.29;67;100;178;52.4;2.7;0.22;800;2200;2260;4856.85
32.1;21.2;25.23;93.82;67;100;245;126;9.7;0.58;900;1960;2340;5157.49
31.8;20.9;25.61;91.66;63;100;291;46.2;11.3;1.2;840;2060;2320;5570.91
32.7;21.2;26.13;89.06;60;100;350;13.2;12.9;1.51;840;1880;2320;4691.7
33.5;21;26.16;88.49;57;100;361;36.6;11.3;1.78;760;2180;2360;5554.64
32.4;20.2;25.74;91.19;61;100;296;69.4;11.3;1.44;840;1620;2300;4957.85
32.2;21.1;25.42;92.93;68;100;247;48.2;16.1;1.35;800;1300;1980;4179.06
32.1;22.4;26.09;90.26;65;100;355;48.6;17.7;2.17;880;1620;2040;4372.21
32.5;21.6;25.97;89.53;61;100;329;64.2;11.3;1.6;;;;
33.7;21.8;26.26;88.85;53;100;345;11.8;11.3;2.03;880;2000;2240;4382.52
32.2;21.3;25.29;92.29;64;100;290;87.4;11.3;1.72;960;1860;2320;5059.2
33.9;21.5;25.48;92.23;54;100;313;215.8;12.9;1.56;960;2040;2360;5066.84
31.4;20.8;24.63;89.86;56;100;253;132.4;9.7;2.43;1240;2020;2360;4758.44
30.6;22.3;24.87;94.47;65;100;177;40.2;8;1.31;1360;2140;2320;4787.64
30.1;20.9;23.98;97.45;70;100;142;163.8;9.7;1.12;1260;2300;2340;5721.45
31.3;20.7;24.96;92.63;64;100;255;98;11.3;2.01;1400;2400;2400;4837.06
31.3;19.7;23.88;91.1;59;100;240;89.8;9.7;1.76;1520;2200;2380;3633.18
31.7;19.7;24.88;87.98;60;100;361;0.4;11.3;1.44;1320;2080;2380;4948.96
31.1;19.7;24.88;88.77;56;100;256;23.6;12.9;1.6;1120;1800;2240;4657.62
31.6;18.9;24.44;92.18;56;100;256;94;12.9;1.8;1080;1820;2300;4864.74
30.7;18.4;23.81;89.71;60;100;305;7.4;9.7;1.33;1160;1700;2240;3419.36
30.7;18.9;24.58;91.49;61;100;288;6.8;12.9;1.96;;;;
30.4;19;23.45;92.27;61;100;212;126.8;12.9;1.95;1140;1660;1880;3789.8
30.1;19.7;24.12;91.69;62;100;281;67.4;11.3;1.44;1100;2180;2100;4465.05
30.1;18.5;23.46;93.13;60;100;235;317;16.1;1.95;1200;2100;2340;4794.01
30.9;20.8;24.89;93.01;64;100;224;127.4;12.9;1.62;1080;1880;2260;4892.12
30.8;20.6;24.83;92.03;62;100;273;66;14.5;1.8;1320;2100;2360;5172.96
31.8;17.9;24.32;87.69;45;100;376;20;12.9;1.77;1280;2220;2360;5545.53
30.4;19;23.47;93.31;61;100;231;114.4;9.7;1.61;1660;2400;2400;5625.52
30.3;18.3;23.81;89.65;56;100;339;36.8;14.5;2.18;1380;2320;2400;5348.21
30.6;17.2;24.37;89.65;54;100;321;28.4;11.3;1.77;1100;2020;2380;4839.36
30.2;20;24.12;90.56;58;100;288;45.4;16.1;2.23;1240;2100;2380;4954.79
30.1;19.2;24.33;89.85;62;100;328;32.6;14.5;1.92;1280;2160;2360;4918.36
30.6;19.1;24.2;91.72;59;100;299;37.6;14.5;1.76;880;1480;2180;4284.14
30.8;20.3;24.24;93.86;58;100;237;205;9.7;1.42;1280;1840;2240;5046.72
30.6;19.9;24.74;88.27;58;100;372;5.6;12.9;2.19;1040;1920;2240;5263.94
31.2;20.4;24.73;90.36;62;100;296;60.2;11.3;1.72;1120;1810;2250;5185.98
31.8;19.4;26.03;88.9;62;100;372;8;12.9;2.04;1200;1700;2260;5108.02
31.4;21.3;25.35;93.1;67;100;267;111;14.5;1.45;1080;1900;2180;5215.55
31.4;20.1;25.28;88.15;60;100;366;2.2;16.1;2.13;1080;1960;2360;5258.94
32.5;21.6;26.22;90.37;60;100;353;4;11.3;1.67;900;1800;2360;4981.17
33.4;22.4;26.16;90.37;58;100;269;38;12.9;1.55;900;1680;2240;4471.26
32.6;20.7;25.42;94.01;64;100;235;71.2;11.3;1.17;880;1760;2300;4608.29
31.9;21.6;25.52;92.3;63;100;290;32.6;11.3;1.43;1040;1460;2320;4779.46
32.4;21.9;26.16;90.35;63;100;305;3.8;12.9;1.99;800;1380;2100;4679.81
32.4;21.2;26.13;89.3;61;100;324;2;11.3;1.41;800;1620;2080;5572.99
33;21.2;26.2;90.11;61;100;308;6.8;12.9;1.4;960;1840;2180;5224.88
32.1;22.1;26.12;94.26;66;100;244;204;12.9;1.65;1000;1820;2300;5292.85
32.2;21.8;26.26;92.37;67;100;284;56;11.3;1.21;1080;1620;2240;5257.95
32.1;23;25.88;93.76;63;100;248;69.4;14.5;0.9;1120;1600;2100;5312.01
31.9;21.9;25.63;93.35;66;100;269;61.6;8;0.87;1100;2040;2220;5356.17
32.2;20.8;25.37;90.46;64;100;342;89.8;12.9;1.04;1260;2340;2360;6632.38
32.7;21.8;26.55;89.38;63;100;381;16.6;11.3;1.34;1080;2020;2340;5944.89
32;22.2;25.9;92.31;60;100;303;25.4;8;0.68;1100;1820;2280;5828.09
32.3;21.7;25.47;94.57;65;100;220;105.6;12.9;0.66;1100;1860;2200;5098.62
32.6;21.9;25.65;93.73;65;100;263;85.2;9.7;0.75;1100;1860;2200;5407.82
32.2;20.7;26.06;90.01;64;100;352;24.4;11.3;0.6;1020;1560;2240;6023.66
33.3;21.2;25.77;91.1;58;100;294;16.6;9.7;0.59;1120;1800;2240;5716.22
32.7;21.2;25.8;90.1;61;100;347;1.2;12.9;0.64;1080;1800;2180;5154.48
33;21.4;25.83;90.85;60;100;355;29.6;14.5;0.99;1200;1980;2200;5802.22
32.5;21.8;26.32;90.53;63;100;330;23.8;12.9;0.85;1160;1940;2320;6468.06
33.6;20.9;25.94;91.13;60;100;326;9.8;9.7;0.66;960;2000;2280;5216.15
33;22.2;26.26;91.18;63;100;298;5.8;19.3;0.68;1240;2180;2380;5930.48
32.7;22.4;26.24;90.85;63;100;326;23.4;12.9;1.3;1260;1880;2360;5635.93
32.8;20.6;26.07;90.32;58;100;350;13;9.7;0.72;1240;1820;2240;5070.77
32.8;21.5;25.31;91.74;60;100;266;1.6;16.1;0.91;1040;1880;2100;5038.17
31.9;21.2;25.61;91.8;60;100;299;27.6;8;0.59;1180;1880;2220;5726.04
30.9;20.7;24.91;92.85;65;100;260;17.6;9.7;0.61;1000;1920;2060;5608.23
29.6;20;23.73;83.91;57;100;210;13.8;9.7;1.3;1240;2140;2260;5045.14
31.6;22;24.87;96.36;72;100;188;99.2;6.4;0.39;1180;1720;2300;5005.99
30.9;20;24.38;94.36;66;100;245;63.8;12.9;0.84;1400;1920;2300;5095.78
31.3;22.6;25.43;93.55;64;100;272;94;8;0.6;1120;1980;2200;5116.98
31.6;20.4;25.08;90.4;63;100;309;18.4;9.7;0.79;1040;1600;2260;5082.93
30;20.9;24.91;95.9;73;100;150;125.2;6.4;0.31;1200;1900;2180;5440.7
30.8;21.1;24.55;96.08;65;100;156;81;9.7;0.66;1360;2280;2300;5104.66
30.2;20.4;24.42;89.84;57;100;313;7.6;12.9;1.76;1200;2220;2340;5221.2
30.1;19.8;23.93;93.59;57;100;244;72.2;11.3;1.12;1260;2080;2380;5064.3
30.2;18.9;24.05;91.85;63;100;247;22.6;12.9;1.27;1500;2200;2320;5488.37
29.9;20.2;24.21;92.55;62;100;245;21.8;14.5;1.52;1400;2260;2320;5449.71
29.7;18.2;23.9;88.35;56;100;212;0.6;14.5;1.76;1300;2300;2380;5269.47
31.1;18.9;24.98;87.55;54;100;366;1;11.3;1.68;1120;2120;2380;5034.41
30.4;18.6;23.63;90.68;56;100;342;48;14.5;1.69;880;1800;2260;4886.2
31.7;19.8;25.67;90.67;60;100;316;19.6;12.9;1.67;1040;1860;2280;5058.32
31.3;19.4;24.67;88.35;47;100;350;18.2;12.9;1.76;880;1600;2220;4832.3
31.4;19.1;25.1;89.47;58;100;378;78.2;14.5;1.73;1000;1420;2020;4488.54
31.5;19.6;24.85;88.56;55;100;390;14.2;12.9;1.4;880;1580;1940;4351.83
31.6;19.8;25.26;88.45;59;100;399;19;12.9;1.52;980;1420;1940;4492.21
31.2;21.3;25.28;93.06;63;100;228;30;14.5;1.9;1000;1960;2020;4976.98
32.8;21.8;26.02;92.95;64;100;168;36.8;12.9;1.24;880;1780;2160;4677.3
32.7;20;26.26;85.99;50;100;324;0.2;11.3;1.46;1180;1720;2240;5486.14
32.7;20.4;25.86;88.1;53;100;393;10;12.9;2.04;1000;1700;2180;5166.52
32.6;21.2;25.83;91.16;61;100;360;68.8;12.9;1.43;1000;2060;2200;5275.26
32.9;22.1;26.14;92.03;63;100;316;10.2;9.7;0.94;1120;2060;2340;6243.95
33.2;23.1;27.04;90.68;65;100;361;1;8;1.17;920;1480;2220;5501.93
33.1;22;25.86;91.93;61;100;318;65.6;6.4;0.74;1080;1780;2040;5499.93
32.7;22.3;26.46;90.84;63;100;344;58.2;9.7;1.02;1100;1940;2220;5865.33
32.6;21.1;26.13;90.04;59;100;324;8;9.7;0.85;1000;2040;2300;5783.5
33.3;21.8;26.58;90.01;61;100;255;5.6;9.7;0.34;1160;1840;2300;5660.04
32.7;21.1;25.87;92.82;62;100;283;19.2;14.5;0.64;1000;1920;2200;6012.92
32.2;23.1;25.93;94.14;67;100;264;81;14.5;0.67;960;1980;2320;5836.5
32.3;23.4;26.42;93.92;66;100;286;173.6;12.9;0.99;1040;1780;2260;5469.73
30;21.7;24.91;94.89;74;100;222;37;20.9;0.79;1400;2160;2340;5437.48
31.9;21.6;25.69;92.06;62;100;329;56.4;11.3;1.02;1500;2280;2340;5955.4
33.1;19.7;25.36;91.98;62;100;314;30.8;11.3;0.86;1440;2240;2400;6070.26
32.6;21.5;26.01;91.4;64;100;322;10.8;11.3;1.01;1400;2360;2360;6630.09
32.6;22.2;26.46;88.76;61;100;363;0.6;12.9;1.38;1160;2180;2400;6369.63
32.9;20.6;26.15;89.08;59;100;349;7.2;11.3;1.4;1340;2320;2400;5599.18
33.9;21.3;26.07;89.79;57;100;340;59;9.7;1.03;1380;2280;2380;5710.03
32.6;21.6;26.16;89.52;63;100;367;24.6;11.3;1.03;1160;2140;2380;5371.78
33.2;21.7;26.13;88.93;59;100;351;3.6;12.9;1.32;980;1760;2340;5438.94
32.8;21.6;25.37;92.88;63;100;278;31.8;11.3;1.06;1200;1740;2300;5556.73
32.3;22.2;26;91.17;64;100;334;6.4;11.3;1.07;1340;2040;2140;4894.52
32.4;18.9;26.14;89.33;60;100;373;8.8;9.7;1.21;1040;2060;2280;5375.15
31.9;21.4;25.6;92.7;64;100;293;107;9.7;0.99;1440;2300;2360;5701.9
;;;98.33;93;100;0;0;0;0;1480;2420;2400;5297.86
32.1;22.1;25.34;94.13;64;100;147;32.15;6.4;0.5;1220;2140;2360;4781.95
32.07;19.71;25.33;81.36;53.08;95.16;160;8.5;4.45;1.33;1500;2320;2400;5587.98
32.99;21.37;26.03;78.17;52.54;93.7;164;34.8;4.89;1.43;1560;2360;2380;5521.47
31.1;18.7;23.51;87.94;55.63;95.94;74;502;4.39;1.51;1260;2160;2380;5436.04
32.09;20.12;24.58;85.13;54.78;94.61;135;109.1;5.58;1.08;1600;2420;2400;4558.49
31.72;21.18;25.36;84.66;58.03;94.74;139;37.4;0.08;0;1700;2440;2400;4828.63
31.54;20.08;24.89;83.35;52.93;94.64;146;96;0.47;0.01;1420;2280;2360;5171.54
30.33;19.37;24.43;83.23;53.78;95.05;143;63.3;0.14;0;1620;2200;2340;5291.68
30.2;18.8;24.02;94.33;61;100;248;106;12.9;0.79;1680;2300;2360;5247.73
30.6;20.9;24.69;93.5;61;100;285;53.8;12.9;1.09;1840;2540;2400;4828.3
30.47;20.32;23.1;97.96;57.36;100;84;208.3;6.4;0.72;1860;2560;2400;5037.06
30.17;20.26;23.87;85.08;57.3;94.66;118;90.2;0;0;1960;2560;2400;5304.38
30.82;19.69;24.53;81.99;52.38;94.93;165;53;0;0;1600;2340;2400;5051.84
30.61;19.03;24.42;79.81;49.28;94.27;162;7.3;0;0;1460;2240;2360;5054.15
31.06;19.84;24.51;81.05;52.19;94.56;155;27.6;0;0;1300;2260;2280;4596.63
31.08;18.47;24.15;76.57;41.23;94.03;195;22.9;0;0;1320;2240;2300;5122.26
30.6;17.3;23.44;87.68;56;100;219;0.4;12.9;1.6;1100;2060;2300;4948.05
29.4;19.8;24.04;93.51;63;100;135;29.6;9.7;1.49;940;1760;2100;4813.47
29.8;18.6;24.39;91.19;63;100;147;25.8;8;1.34;1100;2040;2200;4721.53
30.8;17.6;24.05;88.6;50;100;198;1.6;11.3;1.64;840;1820;2240;4546.36
30.8;18.9;24.66;87.65;53;100;207;15.2;8;1.7;1120;1780;2300;4700.99
30.6;18.2;24.2;87.18;59;100;199;1.8;8;1.75;1140;1880;2280;4858.04
30.8;19.5;24.27;92.06;58;100;160;47.2;11.3;1.59;980;1880;2280;4916.28
30.3;18.7;24.23;90.72;63;100;175;6.4;9.7;1.48;1000;1980;2320;5020.49
31.1;18.4;24.93;87.15;59;100;233;1.6;8;1.68;760;1480;2260;4568
31.6;20.7;25.29;90.14;65;100;172;3.2;9.7;1.73;1280;1840;2280;4733.85
31.2;19.8;24.69;93.39;56;100;137;180.2;6.4;0.86;980;2140;2320;4939.42
30.4;20.5;25.3;92.97;67;100;205;61.4;8;1.15;860;1920;2300;5130.46
30.6;20.1;24.64;92.21;65;100;279;4;6.4;0.87;1080;1900;2360;4883.32
31.2;20.5;25.77;86.31;64;100;462;0.2;8;1.69;1020;2040;2100;5223.13
32;21.9;26.31;90.93;69;100;298;3.8;11.3;1.56;1000;2120;2160;5649.86
31.9;21.6;25.89;91.26;63;100;311;31;6.4;0.99;1260;2120;2380;5734.91
32.1;21.1;25.03;93.87;62;100;247;41;6.4;0.76;1260;1960;2240;5621.07
31.7;21.7;26.15;91.43;67;100;274;43.8;9.7;1.27;1020;2160;2380;5817.29
31.4;21.9;25.82;93.28;67;100;171;111.8;8;1.19;1500;2340;2400;5745.05
32.2;22.8;26.33;91.06;62;100;190;6;8;0.98;1220;2200;2360;5865.25
30.9;21.8;24.8;97.18;71;100;81;29.4;4.8;0.41;1380;2120;2380;5994
31.1;22.3;25.56;94.25;70;100;273;57;6.4;1;1300;2280;2340;5879.93
31.2;21.6;25.46;91.93;62;100;313;37.6;8;1.32;1400;2300;2360;6022.96
30.3;22.4;25.35;93.61;72;100;281;42.8;6.4;1.18;1620;2400;2400;6022.12
31.6;21.6;25.18;94.71;71;100;253;174.8;9.7;1.14;1720;2480;2380;5989.3
31.6;21.6;25.29;93.37;65;100;297;84.4;8;1.23;1800;2420;2400;5983.31
31.4;22.2;25;96.25;70;100;195;188.4;4.8;0.58;1740;2440;2380;5576.25
32.2;21.6;25.96;90.72;61;100;394;67.2;8;1.34;1580;2280;2400;5782.47
31.4;21.8;25.41;93.63;68;100;291;61.6;8;0.89;1380;2280;2380;5348.69
32.3;21.5;25.86;91.15;64;100;355;15.4;9.7;1.2;1440;2400;2380;5440.26
33.3;21.9;26.18;91.83;58;100;341;78;8;1.44;1480;2380;2400;5670.47
33.3;22.1;26.85;88.78;58;100;392;0;8;1.34;1100;1960;2380;5485.92
;;;;;;;;;;1300;2160;2340;5652.18
;;;;;;;;;;1420;2260;2340;5160.87
;;;;;;;;;;1220;2220;2360;5044.3
31.9;22.3;26.15;91.18;63;100;321;31.6;6.4;1.34;1220;1880;2280;5106.19
32.4;22.2;25.76;93.85;63;100;265;31.6;4.8;1.04;1080;2080;2260;5329.54
32.1;22.7;26.49;92.13;67;100;303;7.6;6.4;1.16;1500;2200;2300;5040.77
31.6;22;25.24;94.38;70;100;225;60.4;4.8;1.25;1000;2160;2300;5022.63
31.7;21.8;25.56;90.6;59;100;280;24.2;8;1.96;1360;2300;2380;5478.15
31.4;21.1;24.78;94.25;59;100;236;64.2;6.4;1.42;1000;2260;2380;4666.97
28.3;19.8;23.02;95.91;71;100;110;308.4;8;2.99;1200;2040;2360;4708.13
29.7;21.3;23.95;98.59;75;100;136;214.4;6.4;1.89;1620;2300;2360;4305.23
30.6;20.9;23.97;96.75;68;100;147;184.8;6.4;1.09;1720;2300;2380;4107.2
30.2;20.9;24.65;95.25;69;100;207;74.6;8;1.63;1600;2300;2380;4518.59
30.3;20.2;24.36;91.21;57;100;293;16.6;9.7;1.5;2080;2400;2400;4334.14
30.3;20.2;24.49;91.68;60;100;282;80.2;8;1.79;1760;2360;2380;5715.65
29.6;19.3;24.17;90.99;59;100;190;10;8;1.39;1440;2220;2370;5639.02
29.6;20.6;24.83;93.88;63;100;262;145.6;8;1.14;1120;2080;2360;5562.39
29.6;19.9;24.18;92.46;65;100;228;10.8;8;0.87;1200;2000;2380;5581.37
29.7;20.1;23.15;95.9;65;100;186;67.6;8;1.58;1000;1920;2280;5041.05
30.1;20.9;24.33;93.81;63;100;264;110.8;6.4;1.24;1240;1920;2180;4652.85
28.4;19.4;22.86;97.03;64;100;129;456;9.7;1.57;1280;1960;2160;4326.58
29.8;18.8;24.01;93.12;61;100;280;48.4;11.3;1.29;1420;2060;2240;4378.96
29.9;18.9;24.14;89.5;46;100;317;66.8;11.3;1.38;1600;2260;2340;4383.24
29.6;20.3;24.18;92.8;62;100;275;35;6.4;1.05;1580;2300;2280;4943.15
28.1;21.1;23.19;97.65;70;100;161;232.6;11.3;1.51;1760;2340;2360;4342.76
29.4;19.4;24.09;89.6;62;100;309;15.2;9.7;1.77;1660;2420;2400;4574.53
29.9;19.9;24.49;88.53;62;100;320;13;8;1.43;1300;2360;2400;4299.36
30.6;19.9;24.98;88.26;58;100;387;1.6;9.7;2.01;1600;2220;2400;4524.46
30.5;21.6;25.75;88.65;64;100;361;0.6;11.3;2.51;1240;1820;2300;4775.19
31.1;18.2;25.12;85.2;53;100;331;0.2;9.7;1.73;1320;2140;2360;4214.26
30.8;21.3;25.78;88.7;57;100;333;40.4;9.7;1.97;1380;2120;2300;4349.26
31.5;22.2;25.51;90.84;51;100;293;42.8;9.7;1.38;960;1440;2200;3962.57
30;22.3;25.46;92.97;68;100;243;59.8;11.3;1.18;1080;1480;1960;4952.07
30.7;22.6;26.02;91.94;69;100;313;23.6;9.7;1.57;960;1240;1920;3893.84
30.4;22.2;25.44;95.09;72;100;144;207;8;1.29;1340;1720;2020;4357.88
31.6;22.2;26.14;91.88;66;100;280;13.4;6.4;1.25;1280;1920;2080;3977.5
32.1;22.9;26.86;90.76;67;100;358;33.2;11.3;1.85;1260;2040;2260;4938.53
31.2;22.6;25.93;94.5;69;100;226;37;6.4;1.2;1640;2340;2380;5986.94
33.8;23.1;26.27;94.01;66;100;255;97.6;9.7;1.47;1220;2280;2380;5785.32
31.3;23;26.31;91.71;67;100;311;16.2;6.4;1.48;1280;2100;2360;5524.56
32.6;22.1;26.56;91.11;65;100;334;26.6;8;1.49;1510;2160;2400;6209.22
33.1;23.2;26.24;91.61;63;100;290;23.2;8;1.65;1400;1960;2380;6035.82
31.1;22.6;25.57;93.86;71;100;175;35;6.4;1.36;1540;2240;2340;5956.87
30.7;21.5;25.58;95.77;67;100;204;139.4;11.3;1.36;1400;2200;2380;6064.81
31.6;21.7;25.94;93.43;65;100;270;101.6;4.8;1.34;1420;2260;2360;5845.22
31.6;23.4;26.71;92.81;65;100;301;72.8;9.7;1.71;1640;2340;2400;5807.26
30.9;23.1;25.98;96.58;71;100;186;231.6;6.4;1.19;1720;2280;2380;5446.65
31.9;22.7;26.18;93.88;68;100;276;102.4;8;1.42;1740;2420;2380;5828.91
31.8;23.6;26.68;90.52;66;100;371;28;8;1.71;1600;2360;2380;5352.46
31.9;23.5;26.29;93.66;65;100;247;31.6;6.4;1.35;1500;2300;2400;6147.75
31.7;22.8;26.94;89.88;63;100;327;5.6;8;1.9;1320;2120;2380;5287.57
32.6;23.8;26.99;90.45;64;100;344;14.2;6.4;1.83;1180;2120;2400;5026.92
32.4;22.7;27.07;88.17;58;100;409;1.8;8;1.81;1380;2140;2320;5563.28
32.5;23.6;26.78;91.36;64;100;290;13.4;8;1.62;1360;2180;2380;5663.86
31.7;23.2;26.6;91.09;66;100;316;23.4;8;1.73;1460;2120;2380;5654.73
32;23.1;26.45;93.89;64;100;242;63.4;8;1.26;1200;2200;2360;4954.74
31.4;22.3;26.37;62.48;1;100;233;25.8;8;1.44;1400;2060;2380;4642.97
31;24.4;26.64;66.99;0;100;214;82;6.4;1.39;1340;2020;2280;4772.37
31.7;23.9;26.62;85.85;29;100;267;35;8;1.15;1280;2000;2320;5623.97
32.8;20.8;25.49;86.67;62;100;290;170.6;8;2.06;1420;2060;2260;5359.91
31.2;21.2;24.32;95.24;62;100;180;164.6;6.4;1.25;1280;2020;2360;4963.64
29.4;21.2;23.68;98.69;80;100;118;236;8;1.26;1380;2280;2380;4798.73
31.2;21.4;24.8;96.61;71;100;156;71.2;4.8;1.2;1460;2380;2380;4768.71
31.8;19.3;24.98;94.29;68;100;240;65.6;8;1.4;1540;2240;2400;5444.69
30.6;19.8;24.22;95.04;62;100;206;51.4;9.7;1.31;1640;2240;2360;5061.24
31.1;18.9;24.17;96.46;67;100;200;81.4;8;1.29;1460;2280;2340;4886.93
30.6;19.7;24.01;95.13;71;100;200;8.2;6.4;1.84;1300;2240;2400;4756.27
30.6;18.8;23.6;94.79;61;100;141;37.8;6.4;1.51;1440;2260;2380;5441.76
29.9;19.6;22.43;97.48;72;100;121;341.4;8;2.36;1220;1960;2360;4688.6
30.9;19.9;25.07;91.86;66;100;294;12.8;8;1.59;1420;2120;2280;4778.73
30.7;18.9;24.04;92.11;63;100;263;7;9.7;1.58;1000;1900;2220;4524.83
30.9;19.8;25.08;93.38;70;100;259;4;9.7;1.61;1460;1900;2180;5938.61
30.5;18.8;24.7;93.19;71;100;243;11.8;6.4;1.46;1440;2140;2220;5774.77
30.2;20.2;24.02;97.14;75;100;185;146.4;6.4;1.49;1500;2220;2300;5168.21
32.1;20.7;25.11;96.22;74;100;207;133.6;6.4;1.44;1140;2340;2360;5051.57
30.3;20.8;23.63;98.4;78;100;109;205.61;6.4;1.38;820;1660;2320;4401.2
31.4;20.6;24.57;94.33;71;100;247;7;8;1.69;1160;1840;2360;4056.02
32.1;19.9;25.23;94.08;60;100;262;62.4;8;1.68;1420;1900;2300;3896.74
31.8;20.8;25.7;93.52;67;100;306;72.2;8;1.6;1320;1920;2240;4369.48
31.8;20.6;25.52;92.13;60;100;208;17.4;8;1.67;1400;2100;2280;5409.72
31.2;20.7;25.37;93.31;69;100;282;16.4;9.7;1.86;1340;2080;2280;5699.19
31.1;21.5;25.37;93.98;70;100;282;49.6;8;1.6;1220;1940;2320;5386.28
32.6;21;26.74;93.29;68;100;354;8.6;8;1.75;1400;2160;2380;5705.18
33.4;22.9;27.12;93.9;72;100;309;47.6;6.4;1.55;920;1900;2240;5315.55
33.8;21.3;25.81;93.02;62;100;344;44.8;8;1.7;1120;1840;2240;5767.32
31.6;21.9;25.17;95.76;67;100;200;199.4;6.4;1.37;920;1700;2280;5286.15
32.7;22.6;26.82;93.66;67;100;289;25.8;6.4;1.36;1040;1860;2280;4929.54
31.9;22.5;26.25;95.25;76;100;258;195.6;6.4;1.27;1260;1860;2240;5220.56
33;21.9;27.16;87.78;64;100;326;12.8;6.4;1.66;1340;2300;2280;5749.56
32.2;21.8;25.56;92.64;40;100;279;107.4;6.4;1.32;1260;2200;2360;5797.14
31.6;21.4;25.12;94.1;40;100;211;77.2;9.7;1.49;1320;2280;2380;5448.13
32.8;20.8;26.66;90.38;66;100;308;12.2;6.4;1.59;1240;2320;2400;5684.72
33.3;21.3;26.42;86.21;58;99;268;6.8;8;1.52;1040;1840;2380;4935.21
32.3;22.1;26.1;89.46;65;100;254;62;8;1.46;1160;1980;2360;5471.04
31.7;21.8;24.98;94.74;71;100;159;43;4.8;1.01;1120;2060;2240;5038.3
32.9;21.8;26.78;88.28;58;100;327;0;8;1.85;1140;2100;2320;5286.74
32.3;21.7;26.02;91.38;65;100;247;7.4;6.4;1.35;940;1740;2260;5084
33;21.6;25.97;92.72;63;100;222;54;6.4;1.28;1100;1840;2360;5041.29
31.9;22.5;26.17;92.89;72;100;236;24;8;1.27;1080;1820;2160;5188.1
32.8;21.3;25.6;91.57;65;100;286;65;8;1.64;760;1720;2180;5174.39
32.4;22.2;25.85;92.32;66;100;280;42.2;6.4;1.55;980;1820;2300;5156.36
33.3;21.8;25.97;91.76;61;100;280;50;8;1.48;1460;1840;2240;5162.36
32.7;21.9;25.98;91.54;62;100;275;5.6;4.8;1.31;1100;1980;2180;5142.95
32.4;21.6;26.13;90.49;65;100;251;29.4;6.4;1.42;1300;2040;2280;5269.87
32.4;21.3;25.21;93.02;61;100;240;143.2;9.7;1.27;1180;2140;2360;4865.53
32.6;21.1;25.74;92;63;100;249;17.2;8;1.72;1220;2180;2340;5393.12
30.7;21.3;24.95;91.46;57;100;172;10;4.8;1.57;1220;2160;2360;5649.26
33;21.6;25.47;91.44;56;100;228;66.6;6.4;1.65;1060;2160;2380;5198.3
32.2;20.1;25.18;91.88;61;100;213;46.8;6.4;1.45;1320;2140;2380;5281.66
32.8;21.4;25.78;91.85;58;100;211;21.85;6.4;0.59;1120;2040;2240;5940.93
32.2;20.7;24.77;94.67;67;100;163;97.25;6.4;1.3;920;1900;2380;5253.16
29.4;18.7;23.51;93.22;64;100;169;44;4.8;1.65;1440;2060;2360;5126.36
31.5;19;24.59;90.05;55;100;254;50.8;8;1.4;1240;2200;2300;6138.08
30.7;20.4;23.8;96.45;69;100;160;117.8;4.8;1.11;1560;2420;2400;5942.5
30.4;19.5;23.47;95.93;63;100;159;376.4;6.4;1.32;1140;2100;2320;4885.34
29.7;17.8;22.37;95.2;61;100;160;97.6;6.4;2.02;1360;2160;2380;4688.45
29.2;19.3;22.33;94.95;67;100;155;77.4;6.4;1.78;1760;2360;2360;4046.76
29.4;19.3;22.4;95.46;54;100;151;178.6;6.4;1.96;1580;2200;2380;5485.19
29.2;19.3;22.36;97.74;73;100;87;210.2;11.3;1.78;1580;2200;2380;5485.19
28.8;18.8;23.17;95.06;65;100;165;82;8;1.54;1620;2340;2360;4651.2
29.3;20.2;23.38;97.78;63;100;135;382.8;9.7;1.57;1780;2240;2360;4491.57
30.8;19.1;24.35;91.32;57;100;220;1;9.7;1.76;1960;2460;2400;4534.74
31.3;17.9;23.79;88.72;52;100;286;12.6;11.3;1.34;1720;2340;2380;4281.99
30.1;16.6;23.5;91.46;59;100;199;24.6;9.7;1.42;1740;2320;2360;4476.2
30.7;19.1;24.31;88.35;62;100;284;31.4;11.3;2.14;1260;2140;2340;5077.89
30.3;20.2;24.19;92.76;63;100;259;93.6;12.9;1.92;1180;1940;2340;4511.28
31.1;19.4;24.4;88.39;49;100;297;6.4;12.9;2.3;1120;1740;2260;4322.91
29.2;19.1;23.84;92.22;59;100;244;223.4;9.7;1.99;880;1580;2080;3920.14
29.9;17.7;23.93;88.28;56;100;317;3.8;9.7;2.4;800;1400;1920;3948.53
29.7;18.5;23.66;88.99;58;100;276;14;11.3;2.38;1220;1820;2060;4399.5
31.2;19.8;24.34;88.65;58;100;278;10.8;9.7;2.06;1320;1940;2300;4460.16
31.4;19.3;25.75;89.3;59;100;278;0.4;9.7;2.31;1080;2120;2240;5070.15
31;20.5;24.55;93.05;64;100;207;39.8;14.5;1.98;1140;2060;2380;4904.4
30.2;19.4;24.81;87.07;50;100;313;19.2;9.7;2.42;1260;1860;2300;4929.35
30.3;19.8;25.04;86.57;56;100;201;0.6;12.9;2.93;1160;1960;2200;5598.98
32.1;20.4;25.94;88.41;56;100;311;20.4;11.3;2.6;1260;1820;2320;5192.36
31.2;19.9;25.01;93.47;63;100;230;115.2;9.7;1.75;1520;2060;2360;5048.57
31.4;22.1;25.57;94.93;68;100;181;138.6;8;1.47;940;1940;2200;5051.06
31.9;20.4;26.15;87.96;58;100;337;0;9.7;2.38;1160;1540;2240;5404.03
32.9;21.6;26.35;89.24;47;100;304;10;8;1.51;1300;1720;2120;5298.1
32.1;21.8;25.97;92.76;62;100;266;54.6;8;1.62;1400;2040;2220;5568.66
33.1;21.8;27.1;87.97;62;100;337;2.6;9.7;2.35;1080;2240;2340;5853.06
32.3;22.2;26.11;92.28;65;100;270;11.2;9.7;1.67;1160;1780;2380;5849
33.1;21.8;26.23;90.59;63;100;306;75.6;9.7;1.62;1260;1960;2360;5605.54
32.1;21.9;25.8;92.76;70;100;246;28.4;9.7;1.62;1040;2080;2320;5673.44
32.2;21.9;26.47;89.35;62;100;307;1.2;6.4;1.5;1060;1940;2360;5695.34
29.5;21.8;24.91;95.53;72;100;210;78.2;6.4;1.18;1140;1960;2240;5727.37
31.6;21;25.46;84.7;54;100;251;36.4;11.3;1.54;1340;2300;2280;5871.44
37.9;21.3;25.39;89.08;47;100;227;49.8;8;1.03;1100;2200;2360;5953.47
32.5;22.2;26.08;90.93;58;100;337;3.6;9.7;1.96;1340;2200;2380;5841.07
32.1;21.8;26.05;93.16;67;100;253;9.8;8;1.31;1320;2280;2380;6261.79
32.3;21.6;25.72;90.62;58;100;348;13.8;8;1.54;1360;2280;2400;5749.62
33.2;21.3;26.31;88.47;56;100;309;7.4;11.3;1.7;1180;1980;2380;6126.76
32.8;21.1;25.89;90.43;58;100;254;15.4;11.3;1.7;1320;2120;2360;5760.73
32.9;21.6;26.12;89.93;59;100;239;20.8;9.7;1.77;1120;1980;2340;5254.62
31.9;21.4;25.74;92.26;61;100;197;3.4;9.7;1.57;1180;1860;2280;5222.4
33.3;20.8;26.08;88.69;56;100;277;1;9.7;2;1240;2220;2340;5365.59
32.6;21.8;26.41;90.1;60;100;281;15.6;9.7;1.77;1220;1760;2260;5176.78
32.2;21.5;25.62;92.56;64;100;245;7.8;8;1.27;1120;1960;2160;5056.15
36.9;21.8;25.2;92.4;54;100;292;149.6;8;1.74;1200;2060;2320;5624.08
29.9;20.8;24.01;95.09;65;100;199;84;6.4;1.26;1280;2040;2360;5885.42
31.1;21.1;24.94;92.4;61;100;213;101.4;6.4;1.34;1320;2060;2340;5404.43
31;20.5;24.82;94.23;65;100;244;71;4.8;1.3;1720;2400;2340;5462.43
30.8;21;24.61;92.14;59;100;221;133.4;6.4;1.53;1220;2300;2400;5840.96
30.3;20.4;24.33;95.01;72;100;236;51.4;6.4;1.2;1620;2400;2380;5436.29
29.1;20.9;23.74;98.18;76;100;147;198.6;6.4;1.36;1300;2300;2400;5091.99
29.2;20;23.05;96.25;75;100;149;89.6;6.4;2.08;1600;2320;2400;5193.62
30;19.6;23.78;93.64;68;100;247;12;8;1.59;1660;2180;2380;4520.07
27.2;20.9;22.98;99.76;92;100;107;309.4;6.4;1.07;1480;2280;2320;4768.78
30.5;18.7;23.69;95.43;64;100;211;114;9.7;1.33;1840;2360;2340;5492.13
29.8;19.8;24.12;92.64;63;100;269;43.4;9.7;1.42;1500;2360;2400;5997.44
30.1;19.5;22.8;95.64;63;100;208;178;9.7;2;1840;2480;2400;6106.91
30.2;17.8;23.7;89.07;60;100;341;1.6;11.3;2.16;1500;2220;2400;5820.53
33.3;17.5;23.41;90.88;54;100;306;22.8;11.3;2.17;1720;2340;2380;5163.05
30.1;17.4;23.57;89.62;59;100;321;15.4;9.7;1.74;1200;2120;2320;4834.89
29.7;18.6;23.01;92.57;60;100;231;7.8;11.3;1.5;1400;2240;2280;4993.49
30.6;19.1;24.51;90.69;63;100;297;24.8;11.3;1.81;1200;2120;2380;4769.1
30.4;17.7;24.11;87.32;56;100;409;4;11.3;2.91;1220;1820;2220;5041.64
30.4;17.8;23.96;89.06;52;100;332;44;12.9;2.25;1080;1840;2200;4668.27
30.8;18.1;23.71;89.96;60;100;332;26.4;12.9;2.34;1220;2080;2280;5400.94
30.8;19.4;24.09;92.65;66;100;268;144.2;12.9;2.1;1040;1780;2200;4682.18
30.1;21.1;23.95;94.52;66;100;246;46;11.3;1.82;1320;1900;2320;4940.73
29.6;18.5;23.89;92.76;61;100;268;29.2;11.3;1.85;1160;2040;2140;4960.09
30.1;18.9;24.3;91.26;59;100;328;51;9.7;1.91;1360;2020;2320;5671.02
31;21.1;25.72;93.62;70;100;166;13.8;6.4;1.19;1380;2340;2360;5705.02
30.4;18.9;24.9;88.26;57;100;290;3;9.7;2.12;1240;2380;2400;5913.77
33.8;20.3;25.27;92.91;61;100;312;28.8;9.7;1.69;1200;2080;2400;5688.01
32.3;20.7;24.54;92.97;63;100;235;56;8;1.7;1200;2180;2340;5905.11
31.5;21.2;25.79;91.66;64;100;334;5;8;1.58;1160;1800;2360;5699.27
32.1;21.1;26.18;89.35;61;100;355;12.8;11.3;2.21;1260;1780;2340;5661.89
31.7;21.9;26.34;91.03;64;100;312;14;8;1.51;1080;1820;2080;5345.2
31.8;22.1;26.02;92.68;66;100;254;85;8;1.5;1200;1760;2260;5632.94
32.3;20.8;26.46;92.22;67;100;294;8.2;8;1.6;1340;1900;2140;6334.62
32.9;22.4;26.31;93.12;66;100;252;22.4;6.4;1.25;1200;1880;2160;6220.62
31.3;20.9;24.78;95.22;69;100;223;152.4;8;1.26;1560;2160;2280;6687.98
32.1;21.2;26.5;89.89;61;100;364;9.2;9.7;1.84;1380;2180;2320;5878.95
32.8;21.6;26.19;89.36;58;100;356;10.6;8;1.73;1400;2180;2360;6441.38
30;20.8;24.64;95.77;72;100;201;74.2;6.4;1.17;1760;2400;2400;5786.64
31.3;20.8;25.19;94.99;67;100;228;72.6;8;1.17;1440;2400;2380;6160.1
31.8;22.2;25.19;95.9;64;100;218;89.6;8;1.03;1420;2260;2400;6033.15
30.6;22.4;25.07;97.22;77;100;172;189.2;9.7;1.01;1400;2060;2320;5674.68
31.5;20.4;24.86;94.63;67;100;256;94;9.7;1.41;1720;2360;2360;5633.6
32.3;21.2;25.98;90.72;61;100;354;12.6;8;1.48;1620;2240;2400;6274.11
31.2;21.7;25.77;92.16;64;100;299;7;11.3;1.62;1980;2360;2400;6156.71
32.3;21.3;25.98;90.35;60;100;348;13.2;8;1.41;1800;2400;2380;6096.78
33;21.9;25.98;92.07;58;100;274;33.4;9.7;1.31;1620;2360;2400;6202.81
31.2;21.5;25.79;92.41;69;100;311;56.2;8;1.42;1500;2160;2400;5453.53
31.7;21.2;25.29;93.74;65;100;274;47;8;1.22;1500;2120;2340;6144.97
32.4;21;25.82;91.24;62;100;351;6;8;1.52;1340;1960;2340;5392.1
31.7;21.1;25.39;92.96;66;100;291;48;6.4;1.24;1160;1760;2200;5288.67
31.3;19.5;25.08;92.99;65;100;280;44;9.7;1.39;1280;1940;2320;5702.69
31.8;20.6;25.13;93.69;66;100;290;11.8;11.3;1.16;1380;2240;2380;5479.04
32;20.7;25.17;93;62;100;281;44;8;1.33;1400;2100;2320;5644.91
33.6;20.7;25.72;92.48;61;100;284;49.6;6.4;1.22;1580;2220;2360;6399.82
31.9;20.3;24.24;95.08;55;100;186;34.2;6.4;1.34;1420;2360;2340;5711.4
31.3;20.6;24.68;94.19;67;100;213;148.4;8;1.3;1420;2400;2400;5648
29.8;20.1;24.1;96.25;73;100;180;161.4;6.4;1.23;1520;2100;2360;5521.46
26.1;20.6;22.38;97.5;72;100;92;223.2;4.8;0.64;1600;2120;2380;5400.21
30.56;20.3;24.47;93.22;63.48;100;58;93.9;5.45;0.43;1720;2260;2340;5422.17
31.5;20.06;24.81;89.58;54.02;100;2;44.6;5.45;1.06;1640;2500;2400;5970.76
32.64;19.58;25.1;90.54;55.66;100;1;32.2;6.95;0.95;1620;2360;2400;5723.1
31.22;19.62;24.49;88.96;53.56;100;103;15.3;6.7;0.93;1800;2380;2380;5652.02
31.1;20.64;24.38;95.65;64.75;100;219;138.3;6.2;0.86;;;;
30.89;19.38;24.32;91.01;54.26;100;286;75.8;8.45;1.11;1300;2180;2360;4754.58
31.5;19.8;25.02;88.23;56.25;100;361;10.5;7.45;1.23;1420;2080;2360;5017.93
31.69;18.75;24.05;88.42;53;100;319;4.1;9.45;1.12;1420;1980;2320;5108.49
31.58;19.04;24.72;86.95;49.39;100;371;20.3;6.45;1.29;1300;2020;2240;5251.11
30.97;17.38;24.02;90.17;52.46;100;297;18.4;7.45;1.05;1340;2220;2320;5117.02
31.77;18.39;24.15;86.32;50.11;100;407;2;6.95;1.22;1100;1760;2360;4878.08
32.13;17.51;24.42;87.19;49.74;100;373;26.7;6.7;1.2;1180;1980;2180;5221.17
31.95;19.1;24.69;87.27;46.25;100;329;22.8;6.2;1.28;1300;1940;2240;4783.51
31.86;20.12;24.57;93.46;58.12;100;220;92.5;4.95;0.82;1100;1860;2100;4664.65
29.82;18.49;23.41;95.53;69.05;100;212;160.7;8.45;1.12;1240;2000;2300;5071.86
31.38;17.49;24.28;91.71;59.57;100;287;41.2;6.7;1.18;1260;1860;2340;4949.17
31.41;20.34;25.61;88.38;59.35;100;377;0;7.45;1.4;1240;2120;2260;5826.58
32.53;18.61;25.17;88.91;52.36;100;374;63.1;6.2;1.15;;;;
32.23;20.76;25.63;91.71;55.71;100;302;43.7;6.2;1.02;1280;2300;2380;5830.36
32.19;20.5;26.04;88.49;53.98;100;381;29.7;7.45;1.42;1020;2040;2360;5275.69
32.73;21.44;26.07;91.05;62.32;100;303;87.2;7.2;1.22;1260;1940;2380;5257.47
32.24;19.55;25.07;89.66;55.61;100;369;32.9;6.7;1.01;1360;1740;2360;5210.08
33.93;20;26.1;86.91;51.98;100;372;7.4;6.7;1.21;1360;2260;2320;5592.46
33.18;18.9;25.64;86.69;47.95;100;417;11.9;5.95;1.07;1180;1980;2340;5490.3
31.84;19.98;24.66;94.66;58.42;100;234;153.4;7.7;0.73;1480;2280;2320;5532.88
32.5;22.2;26.04;92.32;60.81;100;303;5;6.2;0.88;1480;2420;2380;5358.04
32.8;22.19;26.05;91.08;58.37;100;331;32.1;5.2;0.99;1300;2180;2400;5187.36
33.5;21.81;26.61;89.05;57.16;100;369;6.4;6.45;1.13;1360;2160;2380;4618.93
32.82;20.78;26.04;91.36;57.19;100;318;25.6;7.2;0.99;1600;2420;2380;5510.28
33.71;21.56;26.57;91.37;55.63;100;329;27.2;12.2;0.98;1320;2420;2380;5682.15
31.48;21;25.24;93.6;64.7;100;236;78.3;5.45;0.84;1160;2140;2400;5731.43
33.05;21.69;26.23;89.27;58.62;100;388;28.3;7.7;1.24;1120;2000;2400;5375.17
32.93;22.14;25.75;92.37;58.89;100;304;15.7;5.95;1;1200;2300;2360;5898.96
32.31;21.23;25.82;92.68;64.94;100;277;26.6;6.2;0.95;1320;2160;2380;5406.55
31.93;22.35;25.07;96.3;69.39;100;196;154.4;7.45;0.76;1240;2240;2360;5688.26
31.96;21.56;25.02;94.77;67.72;100;247;63.8;7.2;0.91;1840;2460;2400;5640.88
32.39;21.71;25.85;90.99;62.06;100;344;13.2;6.95;0.97;1380;2400;2400;5763.18
32.77;21.36;26.24;90.9;58.76;100;342;49.7;5.45;1.07;1140;2180;2340;6258.76
33.01;21.51;26.11;90.6;56.97;100;364;113.1;7.7;0.89;1580;2380;2400;6808.9
33.26;21.04;25.29;92.64;57.18;100;291;51.7;6.95;0.83;1120;2280;2400;5932.83
32.92;21.33;26.04;89.25;58.47;100;393;3.2;6.45;1.03;1320;2340;2400;5610.78
33.26;21.14;26.42;88.46;59.3;100;398;28.1;5.95;1.08;1040;1760;2320;5434.71
33.32;22;26.85;89.95;58.84;100;372;4.8;5.7;1.05;1320;1980;2320;5373.44
33.48;20.64;26.21;91.02;55.62;100;338;34.8;10.95;1.07;960;1820;2360;5735.3
33.47;21.41;25.92;91.48;57.19;100;332;68.2;6.45;0.97;880;2060;2340;5132.75
33.16;20.92;26.43;90.16;58.5;100;357;9;6.2;0.95;1040;1900;2280;6264.35
32.97;20.06;25.51;91.44;55.28;100;349;22.9;5.7;0.98;1280;2240;2360;6218.9
32.8;21.21;25.6;93.02;61.58;100;273;5.1;5.2;0.73;880;2240;2320;5513.76
32.86;21.04;26.51;89.09;56.16;100;345;18.6;5.95;1;1220;2380;2380;5186.78
33.36;20.41;26.15;88.81;53.53;100;353;3.1;5.45;0.93;1240;2160;2380;6125.64
32.06;21.76;25.07;95.29;62.97;100;222;42.8;6.95;0.69;1440;2380;2340;5364.96
32.66;20.28;25.78;90.31;52.97;100;355;4.7;5.7;0.87;880;2180;2400;5102.61
32.08;20.92;24.78;92.99;61.41;100;284;177.6;6.95;0.86;1240;2140;2380;5267.54
31.99;19.07;25.21;89.09;58.47;100;367;5;5.95;1.03;1320;1960;2360;5069
32.68;19.33;24.91;91.49;54.36;100;309;17.3;6.7;0.81;1460;2200;2280;5197.84
31.57;20.19;24;94.62;58.13;100;231;79.1;6.7;0.98;1360;2200;2280;5078.68
31.65;18.39;24.45;87.39;48.26;100;381;2;6.2;1.08;;;;
31.73;19.46;24.57;92.89;54.94;100;281;33.5;5.7;0.95;;;;
31.35;19.09;24.52;92.19;58.33;100;279;21.1;5.7;0.89;1240;1980;2300;4725.45
31.31;18.56;23.85;92.64;57.37;100;295;80.4;5.95;1.17;1560;2360;2360;5331.29
30.68;18.42;23.77;92.8;54.99;100;272;38.2;4.95;0.99;1460;2380;2360;4949.17
31.32;17.22;23.76;88.43;50.34;100;337;3.7;6.2;1.09;1480;2300;2380;5093.21
31.35;18.09;23.94;89.24;46.3;100;330;5.7;6.2;1.1;1600;2380;2360;4963.32
31.76;20.71;25.1;89.75;57.86;100;343;21;7.2;1.23;1620;2260;2360;5021.4
31.14;17.69;24.13;87.26;52.27;100;396;5.6;7.2;1.46;1460;2300;2360;5248.58
30.66;19.11;24.81;88.84;55.99;100;336;9;5.95;1.23;1360;2320;2340;5403.09
32.05;19.05;24.94;87.27;51.53;100;395;10.7;7.2;1.21;1080;1940;2360;4830.73
31.72;19.45;25.15;85.33;51.55;100;428;0.3;6.95;1.41;;;;
31.83;18.13;24.77;88.32;54.99;100;354;9.6;7.7;1.14;1000;2040;2300;4701.42
31.58;19.61;25.09;88.63;53.82;100;351;14.2;6.7;1.17;740;1500;2260;4113.93
32.07;19.48;25.5;86.99;52.99;100;417;20.2;6.45;1.58;1280;1980;2340;4541.86
32.81;20.85;25.8;90.87;56.11;100;310;95.6;7.7;1.39;1140;1900;2340;4324.61
32.02;20.85;25.46;90.96;52;100;304;16.9;6.2;1.21;;;;
32.21;21.38;25.82;91.76;59.18;100;321;63.4;7.7;1.12;920;2000;2260;4541.51
32.74;21.48;25.95;94.02;59.74;100;298;69.6;6.95;1.01;1200;2160;2260;4890.52
33.47;20.65;26.38;90.23;54.21;100;361;65.3;6.95;1.44;1200;2200;2340;5475.22
32.83;22.17;26.18;90.34;60.89;100;356;34.2;6.95;1.21;1400;2260;2380;5801.04
33.26;21.66;26.48;89.44;56.31;100;385;26.9;6.95;1.14;1280;2300;2320;5659.28
33.05;22.66;26.61;91.04;60.61;100;342;45;6.2;1.09;1120;2140;2360;5811.07
32.75;23.09;26.43;93.23;68.48;100;272;52.6;6.2;1.09;1160;2080;2340;5501.03
32.94;22.68;26.13;94.37;65.3;100;241;39;6.2;1.01;1260;2260;2360;5413.32
33.37;22.11;26.67;91.35;61.76;100;395;141.6;6.95;1.41;1120;2080;2360;5328.65
32.29;22.51;25.76;94.55;67.83;100;254;94.2;6.2;0.98;1780;2260;2400;5969.69
32.93;21.73;26.11;92.21;53.03;100;300;80.7;6.95;1;1660;2420;2360;5979.5
32.57;22.73;25.1;97.09;67.92;100;170;245.7;7.7;1.04;1880;2440;2380;6141.6
31.55;22.43;25.75;96.15;69.67;100;206;57.1;7.7;0.77;1940;2540;2400;5518.31
32.66;23.08;25.79;96.08;65.68;100;227;101.2;6.2;0.97;2020;2520;2360;5339.59
31.83;22.47;25.75;94.84;68.36;100;253;246.1;6.2;1.04;;;;
32.94;21.82;25.97;91.98;58.78;100;307;24;6.2;0.95;2000;2480;2380;5229.55
33.33;21.99;26.16;91.79;55.51;100;288;114.6;6.95;1.03;1900;2400;2380;4704.12
31.1;21.54;25.15;94.14;62.32;100;232;146.1;6.2;0.87;1660;2280;2320;4701.23
33.87;21.48;26.14;89.26;51.65;100;352;13.9;6.2;1.04;1620;2440;2380;5838.14
32.95;21.51;26.08;92.11;60.47;100;289;42;9.2;1.01;1440;2200;2380;5042.76
33.79;20.84;26.09;90.18;53.89;100;340;74.7;10.7;1.17;1480;2240;2360;4795.47
32.1;21.81;25.71;93;65.33;100;298;104.5;8.45;1.11;1560;2220;2360;4866.94
33.8;21.48;26.44;89.26;57.15;100;365;18.5;6.2;1.17;1680;2300;2360;4800.35
33.85;20.18;25.85;91.14;57.79;100;288;82;10.7;1.11;1200;2160;2340;5341.27
32.68;21.3;25.57;93.44;61.62;100;297;84.7;7.7;0.91;1740;2320;2380;5306.7
32.67;22.46;26.22;92.47;61.03;100;291;10;6.2;0.9;1200;2360;2400;5092.33
34.26;21.67;26.8;90.52;59.4;100;335;1.7;6.2;1.03;1380;2320;2360;5263.19
32.41;21.24;25.53;92.16;60.14;100;266;78.8;6.2;0.99;1420;2280;2340;5462.91
32.58;21.24;24.7;96.13;61.97;100;184;194.6;5.45;0.95;1640;2360;2360;5137.14
32.97;18.91;25.28;90.23;51.65;100;272;7;5.45;1.09;1460;2440;2400;5145.79
32.26;21.1;25.64;93.03;58.23;100;259;43;7.7;0.85;1400;2320;2380;5163.39
32.84;20.93;25.87;92.22;62.62;100;298;87.5;6.95;1.18;1640;2240;2380;5497.25
30.73;21.04;24.75;96.48;63.12;100;195;259.1;5.45;1.06;1460;2240;2360;5506.45
29.63;20.96;23.2;97.05;68.53;100;168;248.6;6.95;1.69;1360;2080;2340;4768.94
31.28;20.17;23.89;92.6;61.13;100;216;106.3;6.95;1.6;1820;2300;2380;5637.26
32.07;19.7;25.07;91.1;52.91;100;272;33.2;6.95;0.99;;;;
31.08;21;24.69;93.91;65.26;100;238;174.8;7.7;1.21;;;;
30.12;21.17;24.27;94.28;67.23;100;226;281.7;8.45;1.5;1520;2360;2360;4906.41
31.21;20.35;24.83;94;64.11;100;260;60.4;9.2;1.05;1820;2440;2380;5139.67
30.93;19.91;24.4;91.7;59.71;100;266;76.5;6.95;1.28;1540;2280;2400;4584.61
30.75;18.97;23.11;94.79;60.08;100;221;133.3;6.2;0.9;1840;2360;2400;4726.02
31.18;19.92;24.79;92.06;55.93;100;259;136.6;8.45;1.25;1300;2240;2340;4451.73
31.69;19.41;24.25;91.33;56.44;100;270;69;6.2;0.98;1540;2340;2360;5590.33
31.81;18.71;24.23;92.68;47.93;100;270;128.8;6.95;1.14;1300;2240;2360;4776.78
31.52;18.12;25.04;87.78;52.73;100;374;44.9;6.95;1.39;960;1780;2320;4637.86
31.57;19.05;24.48;88.43;50.59;100;358;64.6;8.45;1.51;1180;1920;2300;4775.11
30.76;21.2;24.67;92.55;57.24;100;281;42.5;7.7;1.41;1360;1980;2220;4742.83
31.76;18.54;24.68;87.28;51.35;100;368;13.6;7.7;1.45;980;1880;2220;4627.53
31.66;19.32;25.65;85.12;53.23;100;408;0;7.7;1.7;1260;1880;2220;5417.76
32.19;19.53;25.29;86.57;51.16;100;377;21.1;8.45;1.59;1320;1980;2320;5477.1
31.84;19.77;25.18;90.62;58.25;100;335;44.7;7.7;1.47;1400;2160;2320;5542.2
32.52;22.25;25.61;93.38;60.22;100;266;117.3;6.2;0.86;880;1760;2300;4975.91
32.84;21.58;26.28;90.37;60.54;100;364;40.8;6.95;1.25;880;1220;1920;4203.81
33.48;21.76;26.92;90.61;56.18;100;318;10.4;6.2;1.17;940;1440;1680;4541.44
33.1;22.25;26.31;91.31;58.96;100;292;53.7;6.2;0.97;1480;2100;2020;5707.74
31.42;21.7;25.4;97.25;68.95;100;168;396.4;6.95;0.75;1020;2040;2340;5834.87
32.11;20.57;25.65;94.18;57.17;100;254;101.5;8.45;0.91;1220;1980;2280;5619.16
32.3;19.67;25.28;93.23;55.96;100;284;258.6;6.2;0.93;1480;2180;2280;5233
33.2;23.01;27.1;90.22;59.77;100;339;52.9;7.7;1.11;1220;2140;2340;5631.51
32.96;21.57;26.31;91.65;63.97;100;306;61;6.95;0.7;1460;2420;2380;6312.14
33;23.54;26.5;95.3;63.59;100;223;179.5;6.95;0.7;1360;2380;2400;5946.54
32.49;22.72;25.74;97.22;68.35;100;159;409;8.45;0.63;1220;2120;2400;5354.35
31.93;23.06;26.31;94.03;66.83;100;277;159.2;8.45;1.19;1360;2160;2360;5250.23
32.24;22.32;25.53;95.6;65.61;100;223;317.4;6.2;0.93;1680;2100;2380;5552.97
32.47;22.21;25.95;92.76;64.84;100;298;114.2;6.2;0.85;1640;2240;2380;5228.7
32.28;19.97;25.7;92.58;54.94;100;285;92.1;6.2;0.75;1720;2400;2380;5576.7
32.92;21.25;25.66;94.1;53.5;100;263;115.3;6.95;0.68;1580;2260;2360;5596.83
32.5;23.26;26.17;95.87;68.17;100;237;168.2;6.2;0.82;1680;2400;2380;5741.07
33.38;22.28;26.19;92.84;53.76;100;307;63.8;6.2;0.93;1720;2260;2400;5196.86
32.22;21.75;25.74;95.59;67.91;100;212;88.6;6.95;0.72;1480;2280;2360;4795.07
33.65;21.59;26.5;90.23;53.13;100;351;26.2;6.95;1.09;1780;2260;2380;5251.24
34.44;21.51;26.07;92.63;59.66;100;277;21.7;12.95;0.94;1440;2340;2300;5176.94
32.69;20.99;25.38;94.5;61.1;100;229;94.6;6.95;0.7;1840;2380;2340;5028.46
34.19;21.41;26.75;91.33;57.97;100;312;24.8;9.95;0.93;1440;2320;2320;4931.18
34.96;22.48;26.73;90.92;58.13;100;339;47.2;6.95;0.96;1540;2160;2380;5229.53
34.24;21.26;27.15;89.25;53.23;100;416;22.7;8.45;1.05;1560;2220;2400;5122.4
34.19;21.47;26.62;92.04;51.18;100;320;54;5.45;0.85;1180;2040;2300;5278.91
33.14;22.38;26.61;91.46;63.42;100;338;7.8;6.2;0.9;1240;2060;2380;5044.66
33.48;22.98;27.41;89.64;60.91;100;392;17;6.2;1.16;1120;1840;2280;5238.18
33.58;22.05;26.54;90.93;59.38;100;339;2.7;7.7;0.95;1220;2120;2280;5512.59
33.88;21.35;26.85;88.33;55.63;100;403;2.3;6.95;1.02;1120;2220;2340;5534.8
34.11;21.52;26.47;91.05;57.02;100;347;48.5;5.45;0.83;1360;2000;2340;5451.83
